rural_urban,total_2019,inperson_2019,perc_inperson_2019,telehealth_2019,perc_telehealth_2019,total_2020,inperson_2020,perc_inperson_2020,telehealth_2020,perc_telehealth_2020
rural,842225187,841902410,99.96167569,322777,0.038324311,746670706,704347350,94.33172406,42323356,5.668275943
urban,274279928,273762650,99.81140508,517278,0.188594916,242341280,231939131,95.70764461,10402149,4.292355392