race,total_2019,inperson_2019,perc_inperson_2019,telehealth_2019,perc_telehealth_2019,total_2020,inperson_2020,perc_inperson_2020,telehealth_2020,perc_telehealth_2020
white,909757598,909062458,99.92359064,695140,0.076409365,803721678,760846813,94.66545868,42874865,5.334541319
black,121422402,121339330,99.93158429,83072,0.068415711,107449705,102431874,95.33006535,5017831,4.669934645
hispanic,24971220,24950790,99.91818582,20430,0.081814184,22614240,21219432,93.83216946,1394808,6.167830535
asian,19368328,19359284,99.95330521,9044,0.04669479,16890454,15801523,93.55297969,1088931,6.447020311
aian,6512863,6497566,99.76512634,15297,0.234873665,5798102,5472008,94.3758492,326094,5.6241508
others,15669006,15661892,99.95459827,7114,0.045401731,13959342,13126628,94.03471883,832714,5.965281172